EFETAC-NASA_TC_20110108_24,BOA
EFETAC-NASA_TC_20110116_24,BOB
EFETAC-NASA_TC_20110124_24,BOC
EFETAC-NASA_TC_20110209_24,BOD
EFETAC-NASA_TC_20110217_24,BOE
EFETAC-NASA_TC_20110225_24,BNN
EFETAC-NASA_TC_20110305_24,BNO
EFETAC-NASA_TC_20110313_24,BNP
EFETAC-NASA_TC_20110321_24,BNQ
EFETAC-NASA_TC_20110329_24,BNR
EFETAC-NASA_TC_20110406_24,BNS
EFETAC-NASA_TC_20110414_24,BNT
EFETAC-NASA_TC_20110422_24,BNU
EFETAC-NASA_TC_20110430_24,BNV
EFETAC-NASA_TC_20110508_24,BNW
EFETAC-NASA_TC_20110516_24,BNX
EFETAC-NASA_TC_20110524_24,BOF
EFETAC-NASA_TC_20110601_24,BOG
EFETAC-NASA_TC_20110609_24,BOH
EFETAC-NASA_TC_20110617_24,BOI
EFETAC-NASA_TC_20110625_24,BOJ
EFETAC-NASA_TC_20110703_24,BOK
EFETAC-NASA_TC_20110711_24,BOL
EFETAC-NASA_TC_20110719_24,BOM
EFETAC-NASA_TC_20110727_24,BON
EFETAC-NASA_TC_20110804_24,BOO
EFETAC-NASA_TC_20110812_24,BOP
EFETAC-NASA_TC_20110820_24,BOQ
EFETAC-NASA_TC_20110828_24,BOR
EFETAC-NASA_TC_20110905_24,BOS
EFETAC-NASA_TC_20110913_24,AHQ
EFETAC-NASA_TC_20110921_24,AHR
EFETAC-NASA_TC_20110929_24,AHS
EFETAC-NASA_TC_20111007_24,AHT
EFETAC-NASA_TC_20111015_24,AHU
EFETAC-NASA_TC_20111023_24,AHV
EFETAC-NASA_TC_20111031_24,AHW
EFETAC-NASA_TC_20111108_24,AHX
EFETAC-NASA_TC_20111116_24,AHY
EFETAC-NASA_TC_20111124_24,AHY
EFETAC-NASA_TC_20111202_24,AHY
EFETAC-NASA_TC_20111210_24,AHY
EFETAC-NASA_TC_20111218_24,AHY
EFETAC-NASA_TC_20111226_24,AHY
EFETAC-NASA_TC_20120108_24,AHY
EFETAC-NASA_TC_20120116_24,AHY
EFETAC-NASA_TC_20120124_24,BDX
EFETAC-NASA_TC_20120201_24,BNG
EFETAC-NASA_TC_20120209_24,BNH
EFETAC-NASA_TC_20120217_24,BQV
EFETAC-NASA_TC_20120225_24,BRD
EFETAC-NASA_TC_20120304_24,BRL
EFETAC-NASA_TC_20120312_24,BRT
EFETAC-NASA_TC_20120320_24,BRU
EFETAC-NASA_TC_20120328_24,BRY
EFETAC-NASA_TC_20120405_24,BSG
EFETAC-NASA_TC_20120413_24,BSK
EFETAC-NASA_TC_20120421_24,BSR
EFETAC-NASA_TC_20120429_24,BST
EFETAC-NASA_TC_20120507_24,BSW
EFETAC-NASA_TC_20120515_24,BTD
EFETAC-NASA_TC_20120523_24,BTE
EFETAC-NASA_TC_20120531_24,BTL
EFETAC-NASA_1Year_20100108,BPF
EFETAC-NASA_1Year_20100116,BPG
EFETAC-NASA_1Year_20100124,BPH
EFETAC-NASA_1Year_20100201,BPI
EFETAC-NASA_1Year_20100209,BPJ
EFETAC-NASA_1Year_20100217,BPK
EFETAC-NASA_1Year_20100225,BPL
EFETAC-NASA_1Year_20100305,AAZ
EFETAC-NASA_1Year_20100313,ABA
EFETAC-NASA_1Year_20100321,ABB
EFETAC-NASA_1Year_20100329,ABC
EFETAC-NASA_1Year_20100406,ABD
EFETAC-NASA_1Year_20100414,ABE
EFETAC-NASA_1Year_20100422,ABF
EFETAC-NASA_1Year_20100430,ABG
EFETAC-NASA_1Year_20100508,ABH
EFETAC-NASA_1Year_20100516,ABI
EFETAC-NASA_1Year_20100524,ABJ
EFETAC-NASA_1Year_20100601,ABK
EFETAC-NASA_1Year_20100609,ABL
EFETAC-NASA_1Year_20100617,ABM
EFETAC-NASA_1Year_20100625,ABN
EFETAC-NASA_1Year_20100703,ABO
EFETAC-NASA_1Year_20100711,ABP
EFETAC-NASA_1Year_20100719,ABQ
EFETAC-NASA_1Year_20100727,ABR
EFETAC-NASA_1Year_20100812,ABS
EFETAC-NASA_1Year_20100820,ABT
EFETAC-NASA_1Year_20100828,ABU
EFETAC-NASA_1Year_20100905,ABV
EFETAC-NASA_1Year_20100913,ABW
EFETAC-NASA_1Year_20100921,ABX
EFETAC-NASA_1Year_20100929,ABY
EFETAC-NASA_1Year_20101007,ABZ
EFETAC-NASA_1Year_20101015,ACA
EFETAC-NASA_1Year_20101023,ACB
EFETAC-NASA_1Year_20101031,ACC
EFETAC-NASA_1Year_20101108,ACD
EFETAC-NASA_1Year_20101116,ACE
EFETAC-NASA_1Year_20101124,ACF
EFETAC-NASA_1Year_20101202,ACG
EFETAC-NASA_1Year_20101210,ACH
EFETAC-NASA_1Year_20101218,ACI
EFETAC-NASA_1Year_20101226,ACJ
EFETAC-NASA_1Year_20110108,BPC
EFETAC-NASA_1Year_20110116,BPD
EFETAC-NASA_1Year_20110124,BHT
EFETAC-NASA_1Year_20110201,BHV
EFETAC-NASA_1Year_20110209,BOT
EFETAC-NASA_1Year_20110217,BHW
EFETAC-NASA_1Year_20110225,BHX
EFETAC-NASA_1Year_20110305,BHY
EFETAC-NASA_1Year_20110313,BHZ
EFETAC-NASA_1Year_20110321,BSD
EFETAC-NASA_1Year_20110329,BI
EFETAC-NASA_1Year_20110406,BIA
EFETAC-NASA_1Year_20110414,BSE
EFETAC-NASA_1Year_20110422,BIB
EFETAC-NASA_1Year_20110430,BIC
EFETAC-NASA_1Year_20110508,BID
EFETAC-NASA_1Year_20110516,BIE
EFETAC-NASA_1Year_20110524,BIF
EFETAC-NASA_1Year_20110601,ACK
EFETAC-NASA_1Year_20110609,ACL
EFETAC-NASA_1Year_20110617,ACM
EFETAC-NASA_1Year_20110625,ACN
EFETAC-NASA_1Year_20110703,ACO
EFETAC-NASA_1Year_20110711,ACP
EFETAC-NASA_1Year_20110719,ACQ
EFETAC-NASA_1Year_20110727,ACR
EFETAC-NASA_1Year_20110804,ACS
EFETAC-NASA_1Year_20110812,ACT
EFETAC-NASA_1Year_20110820,ACU
EFETAC-NASA_1Year_20110828,ACV
EFETAC-NASA_1Year_20110905,ACW
EFETAC-NASA_1Year_20110913,ACX
EFETAC-NASA_1Year_20110921,ACY
EFETAC-NASA_1Year_20110929,ACZ
EFETAC-NASA_1Year_20111007,ADA
EFETAC-NASA_1Year_20111015,ADB
EFETAC-NASA_1Year_20111023,ADC
EFETAC-NASA_1Year_20111031,ADD
EFETAC-NASA_1Year_20111108,ADE
EFETAC-NASA_1Year_20111116,ADF
EFETAC-NASA_1Year_20111124,ADG
EFETAC-NASA_1Year_20111202,BDD
EFETAC-NASA_1Year_20111210,BDE
EFETAC-NASA_1Year_20111218,BDF
EFETAC-NASA_1Year_20111226,BDG
EFETAC-NASA_1Year_20120108,BDH
EFETAC-NASA_1Year_20120116,BDI
EFETAC-NASA_1Year_20120124,BEA
EFETAC-NASA_1Year_20120201,BIG
EFETAC-NASA_1Year_20120209,BNK
EFETAC-NASA_1Year_20120217,BQS
EFETAC-NASA_1Year_20120225,BRG
EFETAC-NASA_1Year_20120304,BRM
EFETAC-NASA_1Year_20120312,BRQ
EFETAC-NASA_1Year_20120320,BRV
EFETAC-NASA_1Year_20120328,BRZ
EFETAC-NASA_1Year_20120405,BSH
EFETAC-NASA_1Year_20120413,BSL
EFETAC-NASA_1Year_20120421,BSQ
EFETAC-NASA_1Year_20120429,BSS
EFETAC-NASA_1Year_20120507,BSX
EFETAC-NASA_1Year_20120515,BTC
EFETAC-NASA_1Year_20120523,BTF
EFETAC-NASA_1Year_20120531,BTK
EFETAC-NASA_3Year_20100108,BPM
EFETAC-NASA_3Year_20100116,BPN
EFETAC-NASA_3Year_20100124,BPO
EFETAC-NASA_3Year_20100201,BPP
EFETAC-NASA_3Year_20100209,BPQ
EFETAC-NASA_3Year_20100217,BPR
EFETAC-NASA_3Year_20100225,BPS
EFETAC-NASA_3year_20100305,ADH
EFETAC-NASA_3year_20100313,ADI
EFETAC-NASA_3year_20100321,ADJ
EFETAC-NASA_3year_20100329,ADK
EFETAC-NASA_3year_20100406,ADL
EFETAC-NASA_3year_20100414,ADM
EFETAC-NASA_3year_20100422,ADN
EFETAC-NASA_3year_20100430,ADO
EFETAC-NASA_3year_20100508,ADP
EFETAC-NASA_3year_20100516,ADQ
EFETAC-NASA_3year_20100524,ADR
EFETAC-NASA_3year_20100601,ADS
EFETAC-NASA_3year_20100609,ADT
EFETAC-NASA_3year_20100617,ADU
EFETAC-NASA_3year_20100625,ADV
EFETAC-NASA_3year_20100703,ADW
EFETAC-NASA_3year_20100711,ADX
EFETAC-NASA_3year_20100719,ADY
EFETAC-NASA_3year_20100727,ADZ
EFETAC-NASA_3year_20100812,AEA
EFETAC-NASA_3year_20100820,AEB
EFETAC-NASA_3year_20100828,AEC
EFETAC-NASA_3year_20100905,AED
EFETAC-NASA_3year_20100913,AEE
EFETAC-NASA_3year_20100921,AEF
EFETAC-NASA_3year_20100929,AEG
EFETAC-NASA_3year_20101007,AEH
EFETAC-NASA_3year_20101015,AEI
EFETAC-NASA_3year_20101023,AEJ
EFETAC-NASA_3year_20101031,AEK
EFETAC-NASA_3year_20101108,AEL
EFETAC-NASA_3year_20101116,AEM
EFETAC-NASA_3year_20101124,AEN
EFETAC-NASA_3year_20101202,AEO
EFETAC-NASA_3year_20101210,AEP
EFETAC-NASA_3year_20101218,AEQ
EFETAC-NASA_3year_20101226,AER
EFETAC-NASA_3Year_20110108,BPA
EFETAC-NASA_3Year_20110116,BPB
EFETAC-NASA_3Year_20110124,BNI
EFETAC-NASA_3Year_20110201,BII
EFETAC-NASA_3Year_20110209,BOU
EFETAC-NASA_3Year_20110217,BIJ
EFETAC-NASA_3Year_20110225,BIK
EFETAC-NASA_3Year_20110305,BIL
EFETAC-NASA_3Year_20110313,BIM
EFETAC-NASA_3Year_20110321,BSC
EFETAC-NASA_3Year_20110329,BIN
EFETAC-NASA_3Year_20110406,BIO
EFETAC-NASA_3Year_20110414,BSF
EFETAC-NASA_3Year_20110422,BIP
EFETAC-NASA_3Year_20110430,BIQ
EFETAC-NASA_3Year_20110508,BIR
EFETAC-NASA_3Year_20110516,BIS
EFETAC-NASA_3Year_20110524,BIT
EFETAC-NASA_3year_20110601,AES
EFETAC-NASA_3year_20110609,AET
EFETAC-NASA_3year_20110617,AEU
EFETAC-NASA_3year_20110625,AEV
EFETAC-NASA_3year_20110703,AEW
EFETAC-NASA_3year_20110711,AEX
EFETAC-NASA_3year_20110719,AEY
EFETAC-NASA_3year_20110727,AEZ
EFETAC-NASA_3year_20110804,AFA
EFETAC-NASA_3year_20110812,AFB
EFETAC-NASA_3year_20110820,AFC
EFETAC-NASA_3year_20110828,AFD
EFETAC-NASA_3year_20110905,AFE
EFETAC-NASA_3year_20110913,AFF
EFETAC-NASA_3year_20110921,AFG
EFETAC-NASA_3year_20110929,AFH
EFETAC-NASA_3year_20111007,AFI
EFETAC-NASA_3year_20111015,AFJ
EFETAC-NASA_3year_20111023,AFK
EFETAC-NASA_3year_20111031,AFL
EFETAC-NASA_3year_20111108,AFM
EFETAC-NASA_3year_20111116,AFN
EFETAC-NASA_3year_20111124,AFO
EFETAC-NASA_3year_20111202,BDJ
EFETAC-NASA_3year_20111210,BDK
EFETAC-NASA_3year_20111218,BDL
EFETAC-NASA_3year_20111226,BDM
EFETAC-NASA_3year_20120108,BDN
EFETAC-NASA_3Year_20120116,BDO
EFETAC-NASA_3Year_20120124,BDZ
EFETAC-NASA_3Year_20120201,BIU
EFETAC-NASA_3Year_20120209,BNJ
EFETAC-NASA_3Year_20120217,BQT
EFETAC-NASA_3Year_20120225,BRF
EFETAC-NASA_3Year_20120304,BRN
EFETAC-NASA_3Year_20120312,BRR
EFETAC-NASA_3Year_20120320,BRW
EFETAC-NASA_3Year_20120328,BSA
EFETAC-NASA_3Year_20120405,BSI
EFETAC-NASA_3Year_20120413,BSM
EFETAC-NASA_3Year_20120421,BSP
EFETAC-NASA_3Year_20120429,BSU
EFETAC-NASA_3Year_20120507,BSY
EFETAC-NASA_3Year_20120515,BTB
EFETAC-NASA_3Year_20120523,BTG
EFETAC-NASA_3Year_20120531,BTJ
EFETAC-NASA_20100108,BPT
EFETAC-NASA_20100116,BPU
EFETAC-NASA_20100124,BPV
EFETAC-NASA_20100201,BPW
EFETAC-NASA_20100209,BPX
EFETAC-NASA_20100217,BPY
EFETAC-NASA_20100225,BPZ
EFETAC-NASA_20100305,BQA
EFETAC-NASA_20100313,BQB
EFETAC-NASA_20100321,BQC
EFETAC-NASA_20100329,BQD
EFETAC-NASA_20100406,BQE
EFETAC-NASA_20100414,BQF
EFETAC-NASA_20100422,BQG
EFETAC-NASA_20100430,BQH
EFETAC-NASA_20100508,BQI
EFETAC-NASA_20100516,BQJ
EFETAC-NASA_20100524,BQK
EFETAC-NASA_20100601,BQL
EFETAC-NASA_20100609,BQM
EFETAC-NASA_20100617,BQN
EFETAC-NASA_20100625,BQO
EFETAC-NASA_20100703,BQP
EFETAC-NASA_20100711,BQQ
EFETAC-NASA_20100719,BQR
EFETAC-NASA_20100727,AFP
EFETAC-NASA_20100812,AFQ
EFETAC-NASA_20100820,AFR
EFETAC-NASA_20100828,AFS
EFETAC-NASA_20100905,AFT
EFETAC-NASA_20100913,AFU
EFETAC-NASA_20100921,AFV
EFETAC-NASA_20100929,AFW
EFETAC-NASA_20101007,AFX
EFETAC-NASA_20101015,AFY
EFETAC-NASA_20101023,AFZ
EFETAC-NASA_20101031,AGA
EFETAC-NASA_20101108,AGB
EFETAC-NASA_20101116,AGC
EFETAC-NASA_20101124,AGD
EFETAC-NASA_20101202,AGE
EFETAC-NASA_20101210,AGF
EFETAC-NASA_20101218,AGG
EFETAC-NASA_20101226,AGH
EFETAC-NASA_20110108,BOX
EFETAC-NASA_20110116,BOY
EFETAC-NASA_20110124,BPE
EFETAC-NASA_20110201,BOZ
EFETAC-NASA_20110209,AGI
EFETAC-NASA_20110217,AGJ
EFETAC-NASA_20110225,AGK
EFETAC-NASA_20110305,BOV
EFETAC-NASA_20110313,BOW
EFETAC-NASA_20110321,AGL
EFETAC-NASA_20110329,AGM
EFETAC-NASA_20110406,AGN
EFETAC-NASA_20110414,AGO
EFETAC-NASA_20110422,AGP
EFETAC-NASA_20110430,AGQ
EFETAC-NASA_20110508,AGR
EFETAC-NASA_20110516,AGS
EFETAC-NASA_20110524,AGT
EFETAC-NASA_20110601,AGU
EFETAC-NASA_20110609,AGV
EFETAC-NASA_20110617,AGW
EFETAC-NASA_20110625,AGX
EFETAC-NASA_20110703,AGY
EFETAC-NASA_20110711,AGZ
EFETAC-NASA_20110719,AHA
EFETAC-NASA_20110727,AHB
EFETAC-NASA_20110804,AHC
EFETAC-NASA_20110812,AHD
EFETAC-NASA_20110820,AHE
EFETAC-NASA_20110828,AHF
EFETAC-NASA_20110905,AHG
EFETAC-NASA_20110913,AHH
EFETAC-NASA_20110921,AHI
EFETAC-NASA_20110929,AHJ
EFETAC-NASA_20111007,AHK
EFETAC-NASA_20111015,AHL
EFETAC-NASA_20111023,AHM
EFETAC-NASA_20111031,AHN
EFETAC-NASA_20111108,AHO
EFETAC-NASA_20111116,AHP
EFETAC-NASA_20111124,AFO
EFETAC-NASA_20111202,BDP
EFETAC-NASA_20111210,BDQ
EFETAC-NASA_20111218,BDR
EFETAC-NASA_20111226,BDS
EFETAC-NASA_20120108,BDT
EFETAC-NASA_20120116,BDU
EFETAC-NASA_20120124,BDY
EFETAC-NASA_20120201,BNL
EFETAC-NASA_20120209,BNM
EFETAC-NASA_20120217,BQU
EFETAC-NASA_20120225,BRE
EFETAC-NASA_20120304,BRO
EFETAC-NASA_20120312,BRS
EFETAC-NASA_20120320,BRX
EFETAC-NASA_20120328,BSB
EFETAC-NASA_20120405,BSJ
EFETAC-NASA_20120413,BSN
EFETAC-NASA_20120421,BSO
EFETAC-NASA_20120429,BSV
EFETAC-NASA_20120507,BSZ
EFETAC-NASA_20120515,BTA
EFETAC-NASA_20120523,BTH
EFETAC-NASA_20120531,BTI
EFETAC-NASA_TC_20100108_24,BTM
EFETAC-NASA_TC_20100116_24,BTN
EFETAC-NASA_TC_20100124_24,BTO
EFETAC-NASA_TC_20100201_24,BTP
EFETAC-NASA_TC_20100209_24,BTQ
EFETAC-NASA_TC_20100217_24,BTR
EFETAC-NASA_TC_20100225_24,BTS
EFETAC-NASA_TC_20100305_24,BTT
EFETAC-NASA_TC_20100313_24,BTU
EFETAC-NASA_TC_20100321_24,BTV
EFETAC-NASA_TC_20100329_24,BTW
EFETAC-NASA_TC_20100406_24,BTX
EFETAC-NASA_TC_20100414_24,BTY
EFETAC-NASA_TC_20100422_24,BTZ
EFETAC-NASA_TC_20100430_24,BUA
EFETAC-NASA_TC_20100508_24,BUB
EFETAC-NASA_TC_20100516_24,BUC
EFETAC-NASA_TC_20100524_24,BUD
EFETAC-NASA_TC_20100601_24,BUE
EFETAC-NASA_TC_20100609_24,BUF
EFETAC-NASA_TC_20100617_24,BUG
EFETAC-NASA_TC_20100625_24,BUH
EFETAC-NASA_TC_20100703_24,BUI
EFETAC-NASA_TC_20100711_24,BUJ
EFETAC-NASA_TC_20100719_24,BUK
EFETAC-NASA_TC_20100727_24,BUL
EFETAC-NASA_TC_20100804_24,BUM
EFETAC-NASA_TC_20100812_24,BUN
EFETAC-NASA_TC_20100820_24,BUO
EFETAC-NASA_TC_20100828_24,BUP
EFETAC-NASA_TC_20100905_24,BUQ
EFETAC-NASA_TC_20100913_24,BUR
EFETAC-NASA_TC_20100921_24,BUS
EFETAC-NASA_TC_20100929_24,BUT
EFETAC-NASA_TC_20101007_24,BUU
EFETAC-NASA_TC_20101015_24,BUV
EFETAC-NASA_TC_20101023_24,BUW
EFETAC-NASA_TC_20101031_24,BUX
EFETAC-NASA_TC_20101108_24,BUY
EFETAC-NASA_TC_20101116_24,BUZ
EFETAC-NASA_TC_20101124_24,BVA
EFETAC-NASA_TC_20101202_24,BVB
EFETAC-NASA_TC_20101210_24,BVC
EFETAC-NASA_TC_20101218_24,BVD
EFETAC-NASA_TC_20101226_24,BVE
EFETAC-NASA_TC_20110201_24,BVF
EFETAC-NASA_TC_20120608_24,BVG
EFETAC-NASA_1Year_20100804,BVH
EFETAC-NASA_1Year_20110727bd,BVI
EFETAC-NASA_1Year_20110804bd,BVJ
EFETAC-NASA_1Year_20110812bd,BVK
EFETAC-NASA_1Year_20110820bd,BVL
EFETAC-NASA_1Year_20110828bd,BVM
EFETAC-NASA_1Year_20110905bd,BVN
EFETAC-NASA_1Year_20110913bd,BVO
EFETAC-NASA_1Year_20110921bd,BVP
EFETAC-NASA_1Year_20110929bd,BVQ
EFETAC-NASA_1Year_20111007bd,BVR
EFETAC-NASA_1Year_20111015bd,BVS
EFETAC-NASA_1Year_20111023bd,BVT
EFETAC-NASA_1Year_20111031bd,BVU
EFETAC-NASA_1Year_20111108bd,BVV
EFETAC-NASA_1Year_20111116bd,BVW
EFETAC-NASA_1Year_20111202bd,BVX
EFETAC-NASA_1Year_20111210bd,BVY
EFETAC-NASA_1Year_20120108bd,BVZ
EFETAC-NASA_1Year_20120116bd,BWA
EFETAC-NASA_1Year_20120124bd,BWB
EFETAC-NASA_1Year_20120201bd,BWC
EFETAC-NASA_1Year_20120328bd,BWD
EFETAC-NASA_1Year_20120405bd,BWE
EFETAC-NASA_1Year_20120413bd,BWF
EFETAC-NASA_1Year_20120421bd,BWG
EFETAC-NASA_1Year_20120429bd,BWH
EFETAC-NASA_1Year_20120515bd,BWI
EFETAC-NASA_1Year_20120523bd,BWJ
EFETAC-NASA_1Year_20120531bd,BWK
EFETAC-NASA_3Year_20100305,BWL
EFETAC-NASA_3Year_20100313,BWM
EFETAC-NASA_3Year_20100321,BWN
EFETAC-NASA_3Year_20100329,BWO
EFETAC-NASA_3Year_20100406,BWP
EFETAC-NASA_3Year_20100414,BWQ
EFETAC-NASA_3Year_20100422,BWR
EFETAC-NASA_3Year_20100430,BWS
EFETAC-NASA_3Year_20100508,BWT
EFETAC-NASA_3Year_20100516,BWU
EFETAC-NASA_3Year_20100524,BWV
EFETAC-NASA_3Year_20100601,BWW
EFETAC-NASA_3Year_20100609,BWX
EFETAC-NASA_3Year_20100617,BWY
EFETAC-NASA_3Year_20100625,BWZ
EFETAC-NASA_3Year_20100703,BXA
EFETAC-NASA_3Year_20100711,BXB
EFETAC-NASA_3Year_20100719,BXC
EFETAC-NASA_3Year_20100727,BXD
EFETAC-NASA_3Year_20100804,BXE
EFETAC-NASA_3Year_20100812,BXF
EFETAC-NASA_3Year_20100820,BXG
EFETAC-NASA_3Year_20100828,BXH
EFETAC-NASA_3Year_20100905,BXI
EFETAC-NASA_3Year_20100913,BXJ
EFETAC-NASA_3Year_20100921,BXK
EFETAC-NASA_3Year_20100929,BXL
EFETAC-NASA_3Year_20101007,BXM
EFETAC-NASA_3Year_20101015,BXN
EFETAC-NASA_3Year_20101023,BXO
EFETAC-NASA_3Year_20101031,BXP
EFETAC-NASA_3Year_20101108,BXQ
EFETAC-NASA_3Year_20101116,BXR
EFETAC-NASA_3Year_20101124,BXS
EFETAC-NASA_3Year_20101202,BXT
EFETAC-NASA_3Year_20101210,BXU
EFETAC-NASA_3Year_20101218,BXV
EFETAC-NASA_3Year_20101226,BXW
EFETAC-NASA_3Year_20110601,BXX
EFETAC-NASA_3Year_20110609,BXY
EFETAC-NASA_3Year_20110617,BXZ
EFETAC-NASA_3Year_20110625,BYA
EFETAC-NASA_3Year_20110703,BYB
EFETAC-NASA_3Year_20110711,BYC
EFETAC-NASA_3Year_20110719,BYD
EFETAC-NASA_3Year_20110727,BYE
EFETAC-NASA_3Year_20110804,BYG
EFETAC-NASA_3Year_20110812,BYI
EFETAC-NASA_3Year_20110820,BYK
EFETAC-NASA_3Year_20110828,BYM
EFETAC-NASA_3Year_20110905,BYO
EFETAC-NASA_3Year_20110913,BYQ
EFETAC-NASA_3Year_20110921,BYS
EFETAC-NASA_3Year_20110929,BYU
EFETAC-NASA_3Year_20111007,BYW
EFETAC-NASA_3Year_20111015,BYY
EFETAC-NASA_3Year_20111023,BZA
EFETAC-NASA_3Year_20111031,BZC
EFETAC-NASA_3Year_20111108,BZE
EFETAC-NASA_3Year_20111116,BZG
EFETAC-NASA_3Year_20111124,BZI
EFETAC-NASA_3Year_20111202,BZJ
EFETAC-NASA_3Year_20111210,BZL
EFETAC-NASA_3Year_20111218,BZN
EFETAC-NASA_3Year_20111226,BZO
EFETAC-NASA_3Year_20120108bd,BZP
EFETAC-NASA_3Year_20120116bd,BZQ
EFETAC-NASA_3Year_20120124bd,BZR
EFETAC-NASA_3Year_20120201bd,BZS
EFETAC-NASA_3Year_20120328bd,BZT
EFETAC-NASA_3Year_20120405bd,BZU
EFETAC-NASA_3Year_20120413bd,BZV
EFETAC-NASA_3Year_20120421bd,BZW
EFETAC-NASA_3Year_20120429bd,BZX
EFETAC-NASA_3Year_20120515bd,BZY
EFETAC-NASA_3Year_20120523bd,BZZ
EFETAC-NASA_3Year_20120531bd,CAA
EFETAC-NASA_20100804,CAB
EFETAC-NASA_3Year_20110727bd,CAC
EFETAC-NASA_3Year_20110804bd,CAD
EFETAC-NASA_3Year_20110812bd,CAE
EFETAC-NASA_3Year_20110820bd,CAF
EFETAC-NASA_3Year_20110828bd,CAG
EFETAC-NASA_3Year_20110905bd,CAH
EFETAC-NASA_3Year_20110913bd,CAI
EFETAC-NASA_3Year_20110921bd,CAJ
EFETAC-NASA_3Year_20110929bd,CAK
EFETAC-NASA_3Year_20111007bd,CAL
EFETAC-NASA_3Year_20111015bd,CAM
EFETAC-NASA_3Year_20111023bd,CAN
EFETAC-NASA_3Year_20111031bd,CAO
EFETAC-NASA_3Year_20111108bd,CAP
EFETAC-NASA_3Year_20111116bd,CAQ
EFETAC-NASA_3Year_20111202bd,CAR
EFETAC-NASA_3Year_20111210bd,CAS
EFETAC-NASA_3Year_20120608,CAT
